current_user,relative_path,resolution,format,last_update,tags,size_mb,description
tomas,UNLPimage/images/images/-stitch-elvis.png,"(1000, 1000)",PNG,1687017144.855407,amor; cancion; guitarrita,0.107,stick serenata
tomas,UNLPimage/images/images/-stitch-elvis.png,"(1000, 1000)",PNG,1687017144.855407,amor; cancion; guitarrita,0.107,stick serenata
perca,UNLPimage/images/images/atardecer.jpg,"(564, 1002)",JPEG,1636783153.522476,playa; atardecer; agua; amor,0.061,fasfsa
perca,UNLPimage/images/images/caminos.jpg,"(564, 846)",WEBP,1686783194.975174,camino; atardecer;amor; nubes,0.082,elcamino
perca,UNLPimage/images/images/caminos.jpg,"(564, 846)",JPEG,1626783194.975174,camino; atardecer;amor; nubes,0.082,elcamino
massa,UNLPimage/images/images/escondida.jpg,"(480, 850)",JPEG,1686959096.235793,sol; escondida;palmera; pasto,0.098,jirafa jugando a las escondidas
massa,UNLPimage/images/images/escondida.jpg,"(480, 850)",JPEG,1686959096.235793,sol; escondida;palmera; pasto,0.098,jirafa jugando a las escondidas
alva,UNLPimage/images/images/velero.jpg,"(322, 640)",WEBP,1686783531.33389,agua; velero; sol; calor,0.035,velerito al sol
alva,UNLPimage/images/images/velero.jpg,"(322, 640)",JPEG,1686783531.33389,agua; velero; sol; calor,0.035,velerito al sol
alva,UNLPimage/images/images/sillita.jpg,"(564, 752)",JPEG,1686783566.196527,agua;silla;sol;pajaros,0.087,sillita en el rio
tomas,UNLPimage/images/images/pikachu.png,"(1191, 1254)",WEBP,1686784156.159132,pikachu;trueno;pikapika;sol,0.043,pikachu del amour
tomas,UNLPimage/images/images/pikachu.png,"(1191, 1254)",PNG,1682784156.159132,pikachu;trueno;pikapika;sol,0.043,pikachu del amour
tomas,UNLPimage/images/images/pikachu.png,"(1191, 1254)",WEBP,1682784156.159132,pikachu;trueno;pikapika;sol,0.043,pikachu del amour
tomas,UNLPimage/images/images/pikachu.png,"(1191, 1254)",PNG,1681784156.159132,pikachu;trueno;pikapika;sol,0.043,pikachu del amour
tomas,UNLPimage/images/images/pikachu.png,"(1191, 1254)",PNG,1671784156.159132,pikachu;trueno;pikapika;sol,0.043,pikachu del amour
tomas,UNLPimage/images/images/pikachu.png,"(1191, 1254)",WEBP,1687784156.159132,pikachu;trueno;pikapika;sol,0.043,pikachu del amour
tomas,UNLPimage/images/images/pikachu.png,"(1191, 1254)",PNG,1677784156.159132,pikachu;trueno;pikapika;sol,0.043,pikachu del amour
tomas,UNLPimage/images/images/pikachu.png,"(1191, 1254)",WEBP,1689784156.159132,pikachu;trueno;pikapika;sol,0.043,pikachu del amour
tomas,UNLPimage/images/images/pikachu.png,"(1191, 1254)",PNG,1679784156.159132,pikachu;trueno;pikapika;sol,0.043,pikachu del amour
tomas,UNLPimage/images/images/gota.jpg,"(564, 849)",JPEG,1686784016.262853,agua;gota;amor,0.034,ver gotas
tomas,UNLPimage/images/images/globos.jpg,"(564, 1001)",JPEG,1686784061.415388,sol;nubes;globos;sol;sol,0.048,globol al sol sol
tomas,UNLPimage/images/images/ocaso.jpg,"(564, 845)",JPEG,1686784099.987927,sol;nubes;fran;coco;feli;tomy,0.112,nosotros
tomas,UNLPimage/images/images/ocaso.jpg,"(564, 845)",WEBP,1686784099.987927,sol;nubes;fran;coco;feli;tomy,0.112,nosotros
tomas,UNLPimage/images/images/pato_laguna.jpg,"(400, 400)",JPEG,1686784117.875324,agua; pato;sol;atardecer,0.048,patito
massa,UNLPimage/images/images/playa_amanecer.jpg,"(533, 640)",JPEG,1686959122.712598,amanecer;playa;agua;sol,0.06,playa2
tomas,grupo19/UNLPimage/images/images/gota.jpg,"(564, 849)",JPEG,1686970448.073812,agua;gota;amor;bello,0.034,ver gotas
